subarea;tipo_codigo;codigo;nombre
POLICIA_MUNICIPAL;AGRADECIMIENTO;OPERADOR;Operador
POLICIA_MUNICIPAL;AGRADECIMIENTO;MOVIL;Móvil
POLICIA_MUNICIPAL;AGRADECIMIENTO;SIE_911;SIE 911
POLICIA_MUNICIPAL;ALARMAS;PULSADOR;Pulsador
POLICIA_MUNICIPAL;ALARMAS;OTROS_SENSORES;Otros sensores
POLICIA_MUNICIPAL;ALARMAS;SENSOR_NO_VERIFICADO;Sensor no verificado
POLICIA_MUNICIPAL;ALARMAS;SENSOR_VERIFICADO;Sensor verificado
POLICIA_MUNICIPAL;ALARMAS;SPB;SPB
POLICIA_MUNICIPAL;BROMA;BROMA;Broma
POLICIA_MUNICIPAL;CARTA_ORIGINAL;CON_PRIORIDAD;Con prioridad
POLICIA_MUNICIPAL;CARTA_ORIGINAL;SIN_PRIORIDAD;Sin prioridad
POLICIA_MUNICIPAL;CASOS_CRITICOS;CASOS_CRITICOS;Casos críticos
POLICIA_MUNICIPAL;CONTRAVENTORES;DESORDEN_VIA_PUBLICA;Desorden en vía pública
POLICIA_MUNICIPAL;CONTRAVENTORES;VENTA_ALCOHOL;Venta de alcohol
POLICIA_MUNICIPAL;DELITO_INFORMATICO;ACOSO_MENOR;Acoso a menor
POLICIA_MUNICIPAL;DELITO_INFORMATICO;PORNOGRAFIA_INFANTIL;Pornografía infantil
POLICIA_MUNICIPAL;DELITO_INFORMATICO;OTROS_DELITOS;Otros delitos
POLICIA_MUNICIPAL;DESAPARICION_PERSONA;DESAPARICION;Desaparición
POLICIA_MUNICIPAL;DESAPARICION_PERSONA;LOCALIZACION;Localización
POLICIA_MUNICIPAL;DESAPARICION_PERSONA;PUBLICO_CONOCIMIENTO;Público conocimiento
POLICIA_MUNICIPAL;DISPAROS;DISPAROS;Disparos
POLICIA_MUNICIPAL;DISPAROS;PERSONAS;Personas
POLICIA_MUNICIPAL;DISPAROS;PROCEDIMIENTO_POLICIAL;Procedimiento policial
POLICIA_MUNICIPAL;DROGAS_ILICITAS;CONSUMO;Consumo
POLICIA_MUNICIPAL;DROGAS_ILICITAS;TRANSPORTE;Transporte
POLICIA_MUNICIPAL;DROGAS_ILICITAS;VENTA_ELABORACION;Venta / elaboración
POLICIA_MUNICIPAL;EMERGENCIA_SALUD;EMERGENCIA;Emergencia
POLICIA_MUNICIPAL;EMERGENCIA_SALUD;PRESUNCION_FALLECIMIENTO;Presunción de fallecimiento
POLICIA_MUNICIPAL;EMERGENCIA_SALUD;CORONAVIRUS;Coronavirus
POLICIA_MUNICIPAL;ESTAFA;ESTAFA;Estafa
POLICIA_MUNICIPAL;EVASION_DETENIDOS;ARRESTO_DOMICILIARIO;Arresto domiciliario
POLICIA_MUNICIPAL;EVASION_DETENIDOS;DEPENDENCIAS_PUBLICAS;Dependencias públicas
POLICIA_MUNICIPAL;EVASION_DETENIDOS;MOVIL_TRASLADO;Móvil de traslado
POLICIA_MUNICIPAL;EXPLOSIVOS;CATE_911;CATE 911
POLICIA_MUNICIPAL;EXPLOSIVOS;AMENAZA_BOMBA;Amenaza de bomba
POLICIA_MUNICIPAL;EXPLOSIVOS;ESTABLECIMIENTO_EDUCATIVO;Establecimiento educativo
POLICIA_MUNICIPAL;EXPLOSIVOS;ACOPIO_FABRICACION;Acopio / fabricación
POLICIA_MUNICIPAL;EXTORSION;INTIMIDACION;Intimidación
POLICIA_MUNICIPAL;EXTORSION;SECUESTRO_VIRTUAL;Secuestro virtual
POLICIA_MUNICIPAL;EXTORSION;SOBRE_PERSONA;Sobre persona
POLICIA_MUNICIPAL;HALLAZGO;NN_HOSPITAL;NN hospital
POLICIA_MUNICIPAL;HALLAZGO;OBJETO_DUDOSO_PELIGROSO;Objeto dudoso / peligroso
POLICIA_MUNICIPAL;HALLAZGO;PERSONA_INDIGENTE;Persona indigente
POLICIA_MUNICIPAL;HALLAZGO;PERSONA_PERDIDA;Persona perdida
POLICIA_MUNICIPAL;HALLAZGO;RESTOS_HUMANOS;Restos humanos
POLICIA_MUNICIPAL;HALLAZGO;VEHICULAR;Vehicular
POLICIA_MUNICIPAL;INFORMACION;INFORMACION;Información
POLICIA_MUNICIPAL;INFORMACION;IMPORTANCIA_INSTITUCIONAL;Importancia institucional
POLICIA_MUNICIPAL;INTEGRIDAD_VIDA;AMENAZA_MUERTE;Amenaza de muerte
POLICIA_MUNICIPAL;INTEGRIDAD_VIDA;SUICIDIO;Suicidio
POLICIA_MUNICIPAL;INTEGRIDAD_SEXUAL;ABUSO;Abuso
POLICIA_MUNICIPAL;INTEGRIDAD_SEXUAL;EXHIBICIONES_OBSCENAS;Exhibiciones obscenas
POLICIA_MUNICIPAL;INTRUSION;INMUEBLE_PUBLICO;Inmueble público
POLICIA_MUNICIPAL;INTRUSION;PROPIEDAD_PRIVADA;Propiedad privada
POLICIA_MUNICIPAL;MAL_FUNCIONAMIENTO;POLICIA_PROVINCIA;Policía de la Provincia
POLICIA_MUNICIPAL;MAL_FUNCIONAMIENTO;OTRAS_FUERZAS;Otras fuerzas
POLICIA_MUNICIPAL;MAL_FUNCIONAMIENTO;SPB;SPB
POLICIA_MUNICIPAL;MALTRATO_ANIMAL;MALTRATO_ANIMAL;Maltrato animal
POLICIA_MUNICIPAL;NO_CONSTITUYE_EMERGENCIA;NO_CONSTITUYE_EMERGENCIA;No constituye emergencia
POLICIA_MUNICIPAL;OCCISO;OCCISO;Occiso
POLICIA_MUNICIPAL;PEDIDO_GENERICO_AUXILIO;PGA;PGA
POLICIA_MUNICIPAL;PIRATAS_ASFALTO;ALERTA;Alerta
POLICIA_MUNICIPAL;PIRATAS_ASFALTO;CAMION_CAUDALES;Camión de caudales
POLICIA_MUNICIPAL;PIRATAS_ASFALTO;DESCARGA_MERCADERIA;Descarga de mercadería
POLICIA_MUNICIPAL;PIRATAS_ASFALTO;EN_PROGRESO;En progreso
POLICIA_MUNICIPAL;PIRATAS_ASFALTO;EN_SEGUIMIENTO;En seguimiento
POLICIA_MUNICIPAL;PRIVACION_ILEGITIMA_LIBERTAD;EN_PROGRESO;En progreso
POLICIA_MUNICIPAL;PRIVACION_ILEGITIMA_LIBERTAD;VICTIMA_LIBERADA;Víctima liberada
POLICIA_MUNICIPAL;PROFUGO;VIA_PUBLICA;Vía pública
POLICIA_MUNICIPAL;QUEJA;OPERADOR;Operador
POLICIA_MUNICIPAL;QUEJA;MOVIL;Móvil
POLICIA_MUNICIPAL;QUEJA;SIE_911;SIE 911
POLICIA_MUNICIPAL;ROBO;BANCARIO;Bancario
POLICIA_MUNICIPAL;ROBO;COMERCIO;Comercio
POLICIA_MUNICIPAL;ROBO;FINCA;Finca
POLICIA_MUNICIPAL;ROBO;EDIFICIO_PUBLICO;Edificio público
POLICIA_MUNICIPAL;ROBO;SAQUEO;Saqueo
POLICIA_MUNICIPAL;ROBO;TRANSPORTE_PUBLICO;Transporte público
POLICIA_MUNICIPAL;ROBO;VIA_PUBLICA;Vía pública
POLICIA_MUNICIPAL;ROBO_AUTOMOTOR;DESGUACE;Desguace
POLICIA_MUNICIPAL;ROBO_AUTOMOTOR;MOTO;Moto
POLICIA_MUNICIPAL;ROBO_AUTOMOTOR;VEHICULO;Vehículo
POLICIA_MUNICIPAL;SOSPECHOSO;EN_VEHICULO;En vehículo
POLICIA_MUNICIPAL;SOSPECHOSO;PERSONA_EXTRANA;Persona extraña
POLICIA_MUNICIPAL;TERRORISMO;TERRORISMO;Terrorismo
POLICIA_MUNICIPAL;TOMA_REHEN;INTERIOR;Interior
POLICIA_MUNICIPAL;TOMA_REHEN;VIA_PUBLICA;Vía pública
DEFENSA_CIVIL;INCENDIO;DOMICILIARIO;Domiciliario
DEFENSA_CIVIL;INCENDIO;COMERCIAL;Comercial
DEFENSA_CIVIL;INCENDIO;INDUSTRIAL;Industrial
DEFENSA_CIVIL;INCENDIO;RURAL;Rural
DEFENSA_CIVIL;INCENDIO;VEHICULAR;Vehicular
DEFENSA_CIVIL;INCENDIO;VIA_PUBLICA;Vía pública
DEFENSA_CIVIL;INCENDIO;FORESTAL;Forestal
DEFENSA_CIVIL;INCENDIO;PASTIZAL;Pastizal
DEFENSA_CIVIL;INUNDACION;CALLE;Calle
DEFENSA_CIVIL;INUNDACION;VIVIENDA;Vivienda
DEFENSA_CIVIL;INUNDACION;COMERCIO;Comercio
DEFENSA_CIVIL;INUNDACION;CURSO_AGUA;Curso de agua
DEFENSA_CIVIL;ANEGAMIENTO_PLUVIAL;CALLE;Calle
DEFENSA_CIVIL;ANEGAMIENTO_PLUVIAL;VIVIENDA;Vivienda
DEFENSA_CIVIL;ANEGAMIENTO_PLUVIAL;SUMIDERO_OBSTRUIDO;Sumidero obstruido
DEFENSA_CIVIL;CAIDA_ARBOL;SOBRE_CALZADA;Sobre calzada
DEFENSA_CIVIL;CAIDA_ARBOL;SOBRE_VEREDA;Sobre vereda
DEFENSA_CIVIL;CAIDA_ARBOL;SOBRE_VIVIENDA;Sobre vivienda
DEFENSA_CIVIL;CAIDA_ARBOL;SOBRE_VEHICULO;Sobre vehículo
DEFENSA_CIVIL;CAIDA_ARBOL;SOBRE_CABLES;Sobre cables
DEFENSA_CIVIL;CAIDA_TENDIDO;ELECTRICO;Eléctrico
DEFENSA_CIVIL;CAIDA_TENDIDO;TELEFONICO;Telefónico
DEFENSA_CIVIL;CAIDA_TENDIDO;POSTES;Postes
DEFENSA_CIVIL;FUGA_GAS;DOMICILIARIA;Domiciliaria
DEFENSA_CIVIL;FUGA_GAS;COMERCIAL;Comercial
DEFENSA_CIVIL;FUGA_GAS;VIA_PUBLICA;Vía pública
DEFENSA_CIVIL;DERRAME_QUIMICO;VIA_PUBLICA;Vía pública
DEFENSA_CIVIL;DERRAME_QUIMICO;INDUSTRIAL;Industrial
DEFENSA_CIVIL;DERRAME_QUIMICO;COMBUSTIBLE;Combustible
DEFENSA_CIVIL;NUBE_TOXICA;OLORES_TOXICOS;Olores tóxicos
DEFENSA_CIVIL;NUBE_TOXICA;HUMO_INDUSTRIAL;Humo industrial
DEFENSA_CIVIL;NUBE_TOXICA;NO_IDENTIFICADO;No identificado
DEFENSA_CIVIL;DERRUMBE;EDIFICIO;Edificio
DEFENSA_CIVIL;DERRUMBE;PARED;Pared
DEFENSA_CIVIL;DERRUMBE;ESTRUCTURA_PRECARIA;Estructura precaria
DEFENSA_CIVIL;DERRUMBE;EXCAVACION;Excavación
DEFENSA_CIVIL;RESCATE;PERSONA_ASCENSOR;Persona en ascensor
DEFENSA_CIVIL;RESCATE;PERSONA_ESTRUCTURA;Persona en estructura
DEFENSA_CIVIL;RESCATE;PERSONA_POZO;Persona en pozo
DEFENSA_CIVIL;RESCATE;PERSONA_ALTURA;Persona en altura
DEFENSA_CIVIL;RESCATE;ANIMAL_ATRAPADO;Animal atrapado
DEFENSA_CIVIL;ANIMAL_PELIGROSO;CANINO;Canino
DEFENSA_CIVIL;ANIMAL_PELIGROSO;EQUINO_SUELTO;Equino suelto
DEFENSA_CIVIL;ANIMAL_PELIGROSO;BOVINO_SUELTO;Bovino suelto
DEFENSA_CIVIL;ANIMAL_PELIGROSO;OTROS;Otros
DEFENSA_CIVIL;ACCIDENTE_VIA_PUBLICA;SIN_LESIONADOS;Sin lesionados
DEFENSA_CIVIL;ACCIDENTE_VIA_PUBLICA;LESIONADOS_LEVES;Lesionados leves
DEFENSA_CIVIL;ACCIDENTE_VIA_PUBLICA;LESIONADOS_GRAVES;Lesionados graves
DEFENSA_CIVIL;ACCIDENTE_VIA_PUBLICA;VUELCO;Vuelco
DEFENSA_CIVIL;TORMENTA_SEVERA;GRANIZO;Granizo
DEFENSA_CIVIL;TORMENTA_SEVERA;TORNADO;Tornado
DEFENSA_CIVIL;TORMENTA_SEVERA;VIENTO_FUERTE;Viento fuerte
DEFENSA_CIVIL;TORMENTA_SEVERA;LLUVIA_INTENSA;Lluvia intensa
DEFENSA_CIVIL;EMERGENCIA_CLIMATICA;OLA_CALOR;Ola de calor
DEFENSA_CIVIL;EMERGENCIA_CLIMATICA;OLA_FRIO;Ola de frío
DEFENSA_CIVIL;EMERGENCIA_CLIMATICA;SEQUIA;Sequía
DEFENSA_CIVIL;EVACUACION_PREVENTIVA;PREVENTIVA;Preventiva
DEFENSA_CIVIL;EVACUACION_PREVENTIVA;POR_CRECIDA;Por crecida
DEFENSA_CIVIL;EVACUACION_PREVENTIVA;POR_INCENDIO_CERCANO;Por incendio cercano
DEFENSA_CIVIL;SIMULACRO;SIMULACRO;Simulacro
